1,Mercatto Casa Hotel
2,Boulevard Higienopolis Residence Hotel
3,Lucca Hotel Pousada
4,Kananxue Hotel
5,Villa Verde Pousada
6,Pousada Sao Silmares
7,Hotel George Sand
8,Pousada Vesuvio
9,Aragipe Praia Hotel
10,Capitao Nareia Pousada
11,Hotel Bellevue
12,155 Hotel
13,Rosenparklaurensberg
14,All Seasons Aachen City
15,Best Western Residenz Harzhohe
16,Harzer Land Hotel
17,Aquis Grana Cityhotel
18,Mercure Hotel Aachen Europaplatz
19,Pullman Aachen Quellenhof
20,Mimosa Palace
21,Majestic
22,Seybouse
23,First Hotel Europa
24,Hilton Al Ain Hotel
25,City Seasons Al Ain
26,Danat Al Ain Resort Exintercon
27,Mercure Grand Jebel Hafeet
28,Al Ain Rotana Hotel
29,Scandic Aarhus Hotel
30,Radisson Blu Scandinavia Hotel Aarhus
31,Plaza Inn Flat Araxa
32,Hotel Banyan
33,Sport Vital Central Swiss Quality Hotel
34,Hotel Elisabethpark
35,Weismayr
36,Impuls Tirol Hotel
37,Latini Hotel
38,Karwendelhof
39,Kertess
40,Schlosshotel Rosenegg
41,Grand Hotel Zell Am See Wellness Deluxe Half Board
42,Alpenhotel Kindl
43,Boutique Hotel Steinerwirt 1493
44,Hotel Austria Bellevue
45,Hotel Goldener Greif
46,Austria Trend Alpine Resort Fieberbrunn
47,Hotel Schloss Lebenberg
48,Antonius
49,Toni
50,Hotel Eva Village
51,Panther Hotel
52,Hotel Alpenbad Hohenhaus
53,Interalpenhotel Tyrol
54,Hotel Fliana
55,Kempinski Hotel Das Tirol
56,Hotel Badhaus
57,Lebzelter
58,Pension Hochwimmer
59,Schonblick
60,Solstein
61,Ferienhotel Kaltschmid
62,Am Romerweg
63,Hotel Aktiv Sparesort Alpenpark
64,Mavida
65,Schloss Pichlarn Spa Golf Resort
66,Eckartauerhof
67,Hotel Elisabeth
68,Rainhof
69,Tiefenbrunner Hotel
70,Alpenhotel Oetz
71,Kirchberger Hof
72,Cmb
73,Hotel Habicher Hof
74,Hotel Gasthof Mauth Tui
75,Park
76,Pension Schonblick
77,Sonne
78,Tauernhof
79,Gasteheim Prantl
80,Hotel Erhart
81,Wellnesshotel Schonruh
82,Alpenhof Hotel
83,Hotel Arlberg
84,Hotel Felsenhof
85,Tannbergerhof Hotel
86,Lech Chesa Rosa
87,Menthof Hotel
88,Sonnenhotel Sturbanerhof
89,Tirolerhof
90,Mittagskogel Hotel
91,Hotel Gisela
92,Strandhotel Entner
93,Kleon Hotel
94,Hotel Hindenburg
95,Alpenhotel Saalbach Hotel
96,Gasthof Pension Bergheimat
97,Familienhotel Vent
98,Aqi Hotel Schladming
99,Post
100,Hotel Austria
101,Bergers Sporthotel
102,Sonngastein
103,Kur Sporthotel Palace
104,Sunny
105,Oberforsthof
106,Alpinasolden
107,Sonnenresort Ossiacher See
108,Hotel Alpenkrone
109,Hotel Dunza
110,Almferienclub Silbertal
111,Gasthof Weisskugel
112,Hotel Bruggerhof
113,Harmonyhotel Harfenwirt
114,Kurund Sporthotel Alpenblick
115,Gartenhotel Daxer
116,Lifthotel
117,Kristall
118,Hotel Gasthof Zur Muhle
119,Landhotel Vordergrub
120,Sportpension Trauner
121,Hotel Simmerlwirt
122,Nationalparkhotel Klockerhaus
123,Wiesenhof
124,Liebe Sonne
125,Astrid
126,Alpenhof
127,Katschberghof
128,Romerhof
129,Larchenhof
130,Sporthotel Molltal
131,Garni Oblasser
132,Hagleitner Family Balance Hotel Spa
133,Kirchenwirt
134,Hotel Gasthof Post
135,Tophotel Mein Almhof
136,Hotel Stefanihof
137,Schwarzer Adler Hotel
138,Landgut Zapfenhof
139,Krimmlerfalle Hotel
140,Norica Hotel
141,Hotel Fluchthorn
142,Stpeter De Luxe
143,Piz Hotel
144,Klosterbraeu
145,Vital Landhotel Schermer
146,Harisch Weisses Rossl
147,Kirchplatz
148,Karl Schranz
149,Tyrol
150,Hotel Fahrner
151,Hotel Florl
152,Hotel Bergheim
153,Hotel Barenhof
154,Der Waldhof
155,Hotel Astoria
156,Jaegerwirt
157,Maria Theresia
158,Tirolerhof
159,Strasshofer
160,Zillertalerhof
161,Hotel Alpendomizil Neuhaus
162,Rauchenwalderhof
163,Hotel Alpina
164,Hotel Cristallago
165,Stefanie Hotel
166,Hampton Inn Suites Edmontonwest
167,Best Western Plus Westwood Inn
168,Best Western Plus Denham Inn Suites
169,Travelodge Edmonton West Hotel
170,Best Western Plus South Edmonton Inn Suites
171,Travelodge Edmonton South
172,Delta Edmonton South
173,Quality Inn Edmonton Intl Airport
174,Courtyard By Marriott Edmonton
175,Comfort Inn Absecon
176,Best Western Garden State Inn
177,Hotel Cavaliere
178,Ramapendula Hotel
179,Hotel Astoria
180,Gran Hotel
181,Hotel Casa Lorenzo
182,Sidorme Albacete
183,Hotel Castilla
184,Hotel Altozano
185,Nh Albar
186,Parador De Albacete
187,Marquesado De Almansa
188,Hampton Inn Abilene
189,Sleep Inn Suites Abilene
190,Hampton Inn Sweetwater Tx
191,Hampton Inn Brownwood
192,Best Western Abilene Inn Suites
193,Ibis Marcory
194,Pullman Abidjan
195,Albuquerquedays Inn West
196,Econo Lodge
197,Comfort Inn Suites North
198,Motel 6 Albuquerque South Airport
199,La Quinta Inn Albuquerque Airport
200,Comfort Inn
201,Hilton Garden Inn Albuq Nrio Rancho
202,Hampton Inn Albuquerqueairport
203,Homewood Suites By Hilton Albuquerque Uptown
204,Hampton Inn Suites Albuquerquecoors Road
205,Embassy Suites Albuquerque Hot
206,Best Western Plus Rio Grande Inn
207,Rodeway Inn Midtown
208,Ramada Albuquerque Airport
209,Comfort Inn West
210,Sleep Inn Airport
211,Red Roof Inn Suites Albuquerque
212,Hotel Duca Degli Abruzzi
213,Breaking Business Hotel
214,Best Western Parco Paglia Hotel
215,Dinas Hotel
216,Protea Hotel Asokoro
217,Hilton Garden Inn Albany Hotel
218,Hampton Inn Albany At Albany Mall
219,Best Western Albany Mall Inn Suites
220,Quality Inn Merry Acres
221,Sleep Inn
222,Meldrum House Hotel
223,Aberdeen Youth
224,Mercure Ardoe House Hotel Spa
225,Loch Kinord Hotel
226,Norwood Hall Hotel
227,Swallow Thainstone House Hotel
228,Thistle Aberdeen Airport Hotel
229,Holiday Inn Express Aberdeen City Centre
230,Doubletree By Hilton Aberdeen City Centre
231,Kilmarnock Arms Hotel
232,Hotel Aberdeen Douglas
233,Hilton Aberdeen Treetops Hotel
234,Banff Springs Hotel
235,Huntly Arms Hotel
236,Station Hotel Aberdeen
237,Holiday Inn Aberdeenwest
238,Thistle Aberdeen Altens Hotel
239,Hotel Aberdeen Marriott
240,Carmelite Hotel
241,Quality Suites Spa
242,Residhome Arcachon Plazza
243,Maeva Le Trianon
244,Maeva La Jetee Des Marins
245,Novotel Arcachon
246,Ocean Breeze Acapulco
247,Hotel Encanto
248,One Acapulco Costera
249,Hotel Boutique Casa Yalma Kaan
250,Holiday Inn Resort Acapulco
251,Hotel Baxar
252,Crowne Plaza Hotel Acapulco
253,Park Royal Acapulco All Inclusive
254,Alba Suites Acapulco
255,Auto Hotel Ritz
256,Romano Palace Hotel
257,Tortuga Acapulco
258,Playa Suites Acapulco
259,El Hotelito
260,Acapulco Malibu Hotel
261,Hotel Calinda Beach Acapulco
262,The Fairmont Pierre Marques
263,Acasol Hotel
264,Las Torres Gemelas Private Suites
265,Riviera Park
266,Agua Marina
267,Cay Beach Papagayo
268,Villas Mammamia
269,Isabel Apartamentos Incl Rent A Car
270,Finca La Crucita Incl Rent A Car
271,Fayna
272,Tabaiba Center Apartamentos
273,Sol Lanzarote Residente Canario
274,Los Tulipanes Apartamentos
275,Paradise Island
276,San Marcial Apartamentos Incl Rent A Car
277,H10 Bahia Blanca Rock
278,Hotel Blue Sea Corbeta
279,Las Cascadas Apartments
280,Hotel Riu Olivina Resort All Inclusive
281,Sun Park Aparthotel
282,H10 Lanzarote Princess Hotel
283,Playa Pocillos Apartamentos
284,El Guarapo Apartamentos
285,Villas La Bocaina
286,Vik Club Coral Beach Hotel
287,Villas Brisa Marina
288,Hotel Costa Calero
289,Villa Mango
290,Villa Christina
291,Casitas Alondra
292,Atlantis Las Lomas Apartamentos
293,Finca La Florida
294,Luabay Lanzarote Beach Hotel
295,Los Hibiscos Apartamentos
296,Guacimeta Apartamentos
297,Los Zocos
298,Santa Rosa Aparthotel
299,Villas Salinas Matagorda
300,Las Colinas
301,Oceano Apartamentos
302,Finca La Calerita
303,Hd Beach Resort
304,Be Live Grand Teguise Playa
305,Be Live Lanzarote Resort Ex Oasis Lanzarote
306,Las Caletas Village
307,Villas Janubio
308,Playa Club
309,El Dorado
310,Bungalows Coloradamar
311,Los Gracioseros
312,Villas Los Colores
313,H10 Rubicon Palace Hotel
314,Hl Club Playa Blanca
315,Apartamentos Acuario Sol
316,Casa Del Embajador
317,Panorama
318,Lanzarote Paradise Apartamentos
319,Sandos Papagayo Beach Resort
320,Hipotels Natura Palace
321,Lanzarote Village
322,Balcon Del Mar Apartamentos
323,Iberostar Papagayo
324,Hotel Barcelo Lanzarote Resort
325,Hipotels La Geria
326,Thb Flora Aparthotel
327,Costa Sal
328,Rocas Blancas
329,El Trebol Apartamentos
330,Cinco Plazas
331,Iberostar La Bocayna Village
332,Sands Beach Villas Resort Uk
333,Las Costas
334,Los Pueblos Aptos
335,Playamar Apartamentos
336,Hotel Royal Monica
337,Mansion Nazaret Hotel
338,Luz Y Mar Apartaments
339,Celeste Apartamentos
340,Iberostar Lanzarote Park Aparthotel
341,Hotel Hesperia Lanzarote
342,Sun Grove Villas Spa Incl Rent A Car
343,Villa Alena
344,Vistas Salinas
345,Velazquez
346,Hotel Diamar
347,Los Fariones Hotel
348,Apartamentos Aguazul
349,Alondra Suites
350,San Francisco Park
351,Hyde Park Lane Villas
352,Plaza Azul Apartamentos
353,Plaza Palmeras Apartamentos
354,Los Ficus Aparthotel
355,Miramar Hotel
356,Guinate
357,Hipotels Natura Garden Apartamentos
358,Molino De Guatiza
359,Casa De Hilario
360,Sun Royal Aparthotel
361,Parque Tropical
362,Rosamar
363,Hotel Barcelo La Galea
364,Aloe
365,Villas El Varadero
366,Corona Mar Apartamentos
367,Teneguia
368,Casas Del Sol
369,Clarion Inn Suites Atlantic City North
370,Comfort Inn Suites
371,Harrahs Atlantic City
372,Showboat Atlantic City
373,Ballys Park Place
374,Best Western Envoy Inn
375,Best Western Plus Atlantic City West Extended Stay Suites
376,Quality Hotel Bayside Resort
377,Comfort Inn North
378,Clarion Hotel Convention Center Atlantic City West
379,Akkoc Butik Hotel
380,Surmeli Adana Hotel
381,Mavi Surmeli
382,Riva Resatbey Boutique Busines Hotel
383,Seyhan
384,Sahin Yuvasi
385,Vera Santa Maria Hotel
386,Istankoy Hotel Kusadasi
387,Olivia Family Suites
388,Ekin Hotel
389,Akbulut Hotel Spa
390,City Hotel
391,Atlantique Holiday Club
392,Grand Belish
393,Lavista Boutique Hotel Spa
394,Altinbas Apart Hotel
395,Hotel Ogerim
396,Talat Hotel
397,Cidihan Hotel
398,Palm Hotel
399,Club Prestige Hotel
400,Moya Pasha Apart
401,Ephesus Boutique Hotel
402,Mor Suite Hotel
403,Palmin Hotel
404,Alibabam Hotel Apartment
405,Cande Onura Hotel
406,Akdas Kusadasi
407,Pine Bay Holiday Resort
408,Coastlight Hotel
409,Adakule
410,Richmond Ephesus Resort Half Board
411,Imbat Hotel
412,Club Mersin Beach Promo
413,Ephesia Holiday Beach Club
414,Atli Hotel
415,Efe Boutique Hotel
416,Cande Festival Hotel Kullaniilmiyor
417,Grand Blue Sky International
418,Grand Kurdoglu Hotel
419,Rosy Pension
420,Golden Gate
421,Happy Apart Hotel
422,Tuntas Apartments Kusadasi
423,Club Hotel Ephesus Princess
424,Alp Hotel
425,Asena
426,Hotel Derici
427,Ida Apart Hotel
428,Akdeniz
429,Seaview Suit
430,Atinc Hotel
431,Kayhanbey Hotel
432,Tatlises Hotel
433,Surtel Hotel
434,Charisma Deluxe
435,Sealight Resort Hotel
436,Minay
437,Korumar Hotel Deluxe
438,Omer Holiday Resort
439,Yonca Hotel Apart
440,Saturn Hotel
441,Hotel Altinsaray
442,Comfort Inn Anzac Highway
443,Quality Old Adelaide
444,Fire Station Inn
445,Buxton Manor
446,Majestic Minima Hotel
447,Mclaren Vale Studio Apartments
448,Best Western Ensenada Motor Inn
449,Stamford Grand Adelaide
450,Oaks Liberty Towers2 Bedroom
451,Kleopatra Bebek Hotel
452,Azalea Apart Hotel
453,Seda Apart Hotel
454,Mc Mahberi Beach Hotel
455,Mirage Apart Hotel
456,Kleopatra Celine
457,Drita
458,Moonlight Hotel
459,Kleopatra Royal Palm Hotel
460,Riviera Hotel
461,Selvi
462,Residence Anfora
463,Orient Suite Hotel
464,Maritim Hotel Club Alantur
465,Cleopatra Sud Princess Apart
466,Mirabell Hotel
467,My Home Resort Hotel
468,Club Aqua Plaza
469,Kleopatra Ada Hotel
470,Hotel Antik
471,Hotel Club Kastalia
472,Seaport Hotel
473,Volkan Hotel
474,Palmera Kleopatra Beach Hotel
475,Oba Star Hotel
476,Yalihan Hotel
477,Titan Select Hotel
478,Savk Hotel
479,Okan Tower Apart Otel
480,Almera
481,Gold Anez
482,Telatiye Resort Hotel
483,Aska Just In Beach
484,Sunmaritim Hotel
485,Sailor Apart Hotel
486,Kleopatra South Star
487,Primera Hotel
488,Ozkaymak Alaaddinn
489,Sentido Gold Island
490,Gorgulu Kleopatra Beach
491,Sentido Golden Bayex Hotel G
492,Sailorson Apart Hotel
493,Hotel Panorama
494,Caprice Apart
495,Aramis Hotel
496,Club Konakli Hotel
497,Club Paradiso Hotel
498,Grand Okan Hotel
499,Grand Zaman Beach Hotel
500,Grand Uysal
0,Angra Dos Reis
0,Araruama
0,Arraial Do Cabo
0,Barra Do Pirai
0,Barra Mansa
0,Belford Roxo
0,Búzios
0,Cabo Frio
0,Campos
0,Campos Dos Goytacazes
0,Duque De Caxias
0,Galeao
0,Ilha Grande
0,Itaborai
0,Itaguaí
0,Itaipava
0,Itaperuna
0,Itatiaia
0,Jabaquara
0,Jacarepagua
0,Macae
0,Mangaratiba
0,Marica
0,Miguel Pereira
0,Nilopolis
0,Niteroi
0,Nova Friburgo
0,Nova Iguacu
0,Parati
0,Paraty
0,Penedo
0,Petropolis
0,Quissama
0,Resende
0,Rio Claro
0,Rio Das Ostras
0,Rio De Janeiro
0,Santa Teresa
0,São Gonçalo
0,Sao Pedro Da Aldeia
0,São Pedro Da Serra
0,Saquarema
0,Teresopolis
0,Trindade
0,Vassouras
0,Volta Redonda
